<?xml version="1.0" encoding="UTF-8" standalone="no"?>
<skin>
	<screen name ="nPlaylist" position="0,0" size="1280,720" backgroundColor="#41000000" flags="wfNoBorder" title="Playlist" > 
	
	<widget name="feedlist" position="50,85" size="790,290" foregroundColorSelected="#ffffff" backgroundColor="#41000000" foregroundColor="#76addc" backgroundColorSelected="#41000000" selectionPixmap="/usr/lib/enigma2/python/Plugins/Extensions/XCplugin/img/x37.png" enableWrapAround="1" zPosition="1" scrollbarMode="showOnDemand" transparent="0" /> 
		
	
	<widget backgroundColor="#41000000" foregroundColor="#ffffff" position="50,410" size="1200,280" name="description" font="RegularIPTV;22" />
	<widget backgroundColor="#41000000" foregroundColor="#ffffff" position="60,30" size="700,50" name="playlist" zPosition="1" font="RegularIPTV;50" />

	<widget name="time" position="1138,60" size="114,44" font="RegularIPTV;48" foregroundColor="#ffffff" backgroundColor="#000000" />
	<ePixmap position="1135,55" size="116,51" pixmap="/usr/lib/enigma2/python/Plugins/Extensions/XCplugin/img/flip_clock4.png" zPosition="3" transparent="1" alphatest="blend" />

	<widget name="poster" position="830,30" size="300,400" pixmap="/usr/lib/enigma2/python/Plugins/Extensions/XCplugin/img/clear.png" zPosition="1" transparent="1" alphatest="blend" />

	<widget name="info" font="RegularIPTV;22" backgroundColor="#41000000" foregroundColor="#ffffff" position="1040,100" size="114,370" /> 
	
	<widget name="version" position="700,665" zPosition="4" size="400,24" halign="left" font="RegularIPTV;20" transparent="1" foregroundColor="#ffffff" backgroundColor="#41000000" text="" />

	<ePixmap position="1017,660" size="192,30" pixmap="/usr/lib/enigma2/python/Plugins/Extensions/XCplugin/img/rahmen_big.png" zPosition="1" transparent="1" alphatest="blend" />
	<widget name = "pixmap2" position="254,655" size="192,30" pixmap="/usr/lib/enigma2/python/Plugins/Extensions/XCplugin/img/rahmen_big.png" zPosition="1" transparent="1" alphatest="blend" />
	<widget name = "pixmap3" position="458,655" size="192,30" pixmap="/usr/lib/enigma2/python/Plugins/Extensions/XCplugin/img/rahmen_big.png" zPosition="1" transparent="1" alphatest="blend" />
	<widget name = "pixmap4" position="662,655" size="192,30" pixmap="/usr/lib/enigma2/python/Plugins/Extensions/XCplugin/img/rahmen_big.png" zPosition="1" transparent="1" alphatest="blend" />		
	<ePixmap position="1018,660" size="25,25" pixmap="/usr/lib/enigma2/python/Plugins/Extensions/XCplugin/img/red.png"    zPosition="3" transparent="1" alphatest="blend" />
	<widget name = "pixmap2a" position="259,658" size="32,25" pixmap="/usr/lib/enigma2/python/Plugins/Extensions/XCplugin/img/chminus.png"  zPosition="3" transparent="1" alphatest="blend" />
	<widget name = "pixmap3a" position="463,658" size="32,25" pixmap="/usr/lib/enigma2/python/Plugins/Extensions/XCplugin/img/chplus.png" zPosition="3" transparent="1" alphatest="blend" />
	<widget name = "pixmap4a" position="667,658" size="32,25" pixmap="/usr/lib/enigma2/python/Plugins/Extensions/XCplugin/img/stop.png"   zPosition="3" transparent="1" alphatest="blend" />
	<eLabel position="1030,661" zPosition="4" size="150,24" halign="center" font="RegularIPTV;22" transparent="1" foregroundColor="#ffffff" backgroundColor="#41000000" text="HOME" />
	<widget name="chminus" position="285,660" zPosition="4" size="150,24" halign="center" font="RegularIPTV;22" transparent="1" foregroundColor="#ffffff" backgroundColor="#41000000"  />
	<widget name="chplus" position="496,660" zPosition="4" size="150,24" halign="center" font="RegularIPTV;22" transparent="1" foregroundColor="#ffffff" backgroundColor="#41000000"  />
	<widget name="stop" position="700,660" zPosition="4" size="150,24" halign="center" font="RegularIPTV;22" transparent="1" foregroundColor="#ffffff" backgroundColor="#41000000"  />		   
</screen>

<screen name="Xtream_Player" position="0,550" size="1280,190" backgroundColor="#41000000" flags="wfNoBorder" title="Videoplayer">
	<ePixmap position="62,11" size="88,57" pixmap="/usr/lib/enigma2/python/Plugins/Extensions/XCplugin/img/player.png" zPosition="1" transparent="0" />
	<widget name="state" font="RegularIPTV;18" position="67,31" size="80,24" transparent="1" backgroundColor="#41000000" foregroundColor="#ffffff" zPosition="10" />
	<widget name="cover" position="1107, 10" size="120,160" zPosition="1" transparent="1" alphatest="blend" />
	<widget source="session.CurrentService" foregroundColor="#fa3d3d" render="Label" position="190,8"  size="90,20" font="RegularIPTV;18" halign="left" valign="center" backgroundColor="#06224f" transparent="1">
		<convert type="ServicePosition">Position</convert>
	</widget>
	<ePixmap  pixmap="/usr/lib/enigma2/python/Plugins/Extensions/XCplugin/img/slider_1280x10_hbg.png" position="190,35" size="900,10" zPosition="1" />
	<widget source="session.CurrentService" render="PositionGauge" backgroundColor="#206df9" position="190,35" size="900,10" zPosition="2" pointer="/usr/lib/enigma2/python/Plugins/Extensions/XCplugin/img/slider_1280x10_hfg.png:1290,0" transparent="1">
		<convert type="ServicePosition">Gauge</convert>
	</widget>
	<widget source="session.CurrentService" foregroundColor="#ffffff" render="Label" position="190,50" size="800,70" font="RegularIPTV;30" backgroundColor="#41000000" transparent="1">
		<convert type="ServiceName">Name</convert>
	</widget>
	<widget source="session.CurrentService" foregroundColor="#ffffff" render="Label" position="990,50" size="100,30" font="RegularIPTV;30" halign="right" backgroundColor="#41000000" transparent="1">
		<convert type="ServicePosition">Length</convert>
	</widget>
	<widget source="session.CurrentService" foregroundColor="#206df9" render="Label" position="1000,8" size="90,20" zPosition="2" font="RegularIPTV;20" halign="right" valign="center" backgroundColor="#41000000" transparent="1">
		<convert type="ServicePosition">Remaining</convert>
	</widget>
	<!-- <ePixmap position="1160,40" size="75,91" pixmap="/usr/lib/enigma2/python/Plugins/Extensions/XCplugin/img/kino.png"    zPosition="3" transparent="1" alphatest="blend" /> -->

	<!-- HELP GRAPHS -->
	<ePixmap position="190,125" size="192,30" pixmap="/usr/lib/enigma2/python/Plugins/Extensions/XCplugin/img/rahmen_big.png" zPosition="1" transparent="1" alphatest="blend" />
	<ePixmap position="193,128" size="32,24" pixmap="/usr/lib/enigma2/python/Plugins/Extensions/XCplugin/img/play.png"  zPosition="3" transparent="1" alphatest="blend" />
	<ePixmap position="227,128" size="32,24" pixmap="/usr/lib/enigma2/python/Plugins/Extensions/XCplugin/img/pause.png"  zPosition="3" transparent="1" alphatest="blend" />		
	<eLabel position="261,132" zPosition="4" size="118,20" halign="center" font="RegularIPTV;18" transparent="1" foregroundColor="#ffffff" backgroundColor="#41000000" text="Play / Pause" /> 		

	<ePixmap position="426,125" size="192,30" pixmap="/usr/lib/enigma2/python/Plugins/Extensions/XCplugin/img/rahmen_big.png" zPosition="1" transparent="1" alphatest="blend" />
	<ePixmap position="429,128" size="32,24" pixmap="/usr/lib/enigma2/python/Plugins/Extensions/XCplugin/img/blue.png"   zPosition="3" transparent="1" alphatest="blend" /> 
	<widget name="cont_play" position="463,132" zPosition="4" size="152,20" halign="center" font="RegularIPTV;18" transparent="0" foregroundColor="#ffffff" backgroundColor="#41000000" text="" /> 		

	<ePixmap position="660,125" size="192,30" pixmap="/usr/lib/enigma2/python/Plugins/Extensions/XCplugin/img/rahmen_big.png" zPosition="1" transparent="1" alphatest="blend" />
	<ePixmap position="663,128" size="25,24" pixmap="/usr/lib/enigma2/python/Plugins/Extensions/XCplugin/img/1.png"   zPosition="3" transparent="1" alphatest="blend" />
	<eLabel position="690,134" zPosition="4" size="32,16" halign="center" font="RegularIPTV;14" transparent="0" foregroundColor="#ffffff" backgroundColor="#41000000" text="-10s" /> 		

	<ePixmap position="727,128" size="25,24" pixmap="/usr/lib/enigma2/python/Plugins/Extensions/XCplugin/img/4.png"   zPosition="3" transparent="1" alphatest="blend" />
	<eLabel position="753,134" zPosition="4" size="32,16" halign="center" font="RegularIPTV;14" transparent="0" foregroundColor="#ffffff" backgroundColor="#41000000" text="-1m" /> 		

	<ePixmap position="790,128" size="25,24" pixmap="/usr/lib/enigma2/python/Plugins/Extensions/XCplugin/img/7.png"   zPosition="3" transparent="1" alphatest="blend" />
	<eLabel position="817,134" zPosition="4" size="32,16" halign="center" font="RegularIPTV;14" transparent="0" foregroundColor="#ffffff" backgroundColor="#41000000" text="-5m" /> 		

	<ePixmap position="898,125" size="192,30" pixmap="/usr/lib/enigma2/python/Plugins/Extensions/XCplugin/img/rahmen_big.png" zPosition="1" transparent="1" alphatest="blend" />		
	<ePixmap position="901,128" size="25,24" pixmap="/usr/lib/enigma2/python/Plugins/Extensions/XCplugin/img/3.png"   zPosition="3" transparent="1" alphatest="blend" />
	<eLabel position="928,134" zPosition="4" size="32,16" halign="center" font="RegularIPTV;14" transparent="0" foregroundColor="#ffffff" backgroundColor="#41000000" text="+10s" /> 		

	<ePixmap position="965,128" size="25,24" pixmap="/usr/lib/enigma2/python/Plugins/Extensions/XCplugin/img/6.png"   zPosition="3" transparent="1" alphatest="blend" />
	<eLabel position="991,134" zPosition="4" size="32,16" halign="center" font="RegularIPTV;14" transparent="0" foregroundColor="#ffffff" backgroundColor="#41000000" text="+1m" /> 		

	<ePixmap position="1026,128" size="25,24" pixmap="/usr/lib/enigma2/python/Plugins/Extensions/XCplugin/img/9.png"   zPosition="3" transparent="1" alphatest="blend" />
	<eLabel position="1053,134" zPosition="4" size="32,16" halign="center" font="RegularIPTV;14" transparent="0" foregroundColor="#ffffff" backgroundColor="#41000000" text="+5m" />
	
    <widget source="session.CurrentService" render="Label" zPosition="4" position="27,128" size="55,22" halign="right" font="Regular;22" foregroundColor="white" transparent="1" backgroundColor="background">
      <convert type="ServiceInfo">VideoWidth</convert>
    </widget>
    <eLabel text="x" zPosition="4" position="88,128" size="15,22" halign="left" font="Regular;22" foregroundColor="white" transparent="1" backgroundColor="background" />
    <widget source="session.CurrentService" render="Label" zPosition="4" position="104,128" size="55,22" halign="left" font="Regular;22" foregroundColor="white" transparent="1" backgroundColor="background">
      <convert type="ServiceInfo">VideoHeight</convert>
    </widget>
	 		
	</screen> 

	<screen name ="SelectQuality" position="center,center" size="412,300" backgroundColor="#41000000"  flags="wfNoBorder" title ="Episode selector" >
		<widget name="menulabel" position="40,30" zPosition="1" size="332,24" halign="center" font="RegularIPTV;22" transparent="1" foregroundColor="#ffffff" backgroundColor="#41000000" /> 
		<widget name="filmparts" itemHeight="30" position="40,80" size="332,250" backgroundColor="#41000000" foregroundColor="#ffffff" /> 
	</screen>	
	
	<screen name="xpluginTasksScreen" position="center,center" size="1100,550" title="Video Download List">
		<widget source="movielist" render="Listbox" position="10,50" size="1180,450" zPosition="7" scrollbarMode="showOnDemand" transparent="1" >
			<convert type="TemplatedMultiContent">
				{"template": [
						MultiContentEntryText(pos = (0, 1), size = (710, 28), font=1, flags = RT_HALIGN_LEFT, text = 1), # index 1 is the name
						MultiContentEntryText(pos = (720, 1), size = (150, 28), font=1, flags = RT_HALIGN_RIGHT, text = 2), # index 2 is the state
						MultiContentEntryProgress(pos = (880, 1), size = (100, 28), percent = -3), # index 3 should be progress
						MultiContentEntryText(pos = (990, 1), size = (60, 28), font=1, flags = RT_HALIGN_RIGHT, text = 4), # index 4 is the percentage
					],
				"fonts": [gFont("Regular", 26),gFont("Regular", 22)],
				"itemHeight": 29
				}
			</convert>
		</widget>
	</screen>	
	       
</skin>